district,SUII_demo,SUII_bio,YUR_octdec,EPUSI_list
100000,,,0.0,[]
24 Paraganas North,,,,[]
24 Paraganas South,,,,[]
5th cross,,,0.0,[]
?,,,0.0,[]
ANGUL,0.6666666666666666,,0.2727272727272727,[]
ANUGUL,3.368055555555556,0.40609137055837563,0.08275862068965517,[]
Adilabad,2.3877866153890976,1.3064131236022438,0.3330152262491958,[]
Agar Malwa,1.5669433417538794,0.7087159658450136,0.16542729664798078,[]
Agra,2.6373591618897017,0.7654169926643176,0.29837395912187736,[]
Ahilyanagar,,,0.08254620123203285,[]
Ahmadabad,5.882173692229558,1.1540627514078843,0.039552432995055946,[]
Ahmadnagar,8.962130149023762,1.1001517838870318,0.1984946707409558,[]
Ahmed Nagar,33.18867924528302,2.221981200289226,0.06850299401197604,[]
Ahmedabad,1.3186613066073674,0.5692624989307676,0.26744648115504926,[]
Ahmednagar,,,,[]
Aizawl,1.2609080561527761,0.40517076284711134,0.4678785739498765,[]
Ajmer,0.917464424320828,0.8126059500560109,0.3264992311635059,[]
Akhera,,,0.0,[]
Akola,6.06521597921403,0.96441928069768,0.15282364056463457,[]
Alappuzha,5.8264102836502705,0.7151577120902275,0.22691721283884125,[]
Aligarh,1.5638080311920644,0.7696985262982527,0.31277638950612335,[]
Alipurduar,2.2898435953276577,0.7015057573073517,0.24642535102408863,[]
Alirajpur,1.6528799797005835,0.4556556793929334,0.2904694835680751,[]
Allahabad,2.096331233439977,0.6866523467090039,0.2952263017769797,[]
Alluri Sitharama Raju,1.847832585949178,1.038869835048179,0.28145431350661776,[]
Almora,2.831216526396327,1.4408111264465444,0.3947068618000175,[]
Alwar,1.213213013219673,0.7505985609916724,0.35976891210530415,[]
Ambala,1.466861344318715,0.695415393164768,0.25697405286880254,[]
Ambedkar Nagar,2.2346627910226666,0.9504093092483594,0.31129816520500053,[]
Amethi,2.0698946245164733,0.8533276228643101,0.3028985289927874,[]
Amravati,5.514628334830671,0.9483083198242953,0.17906653957424037,[]
Amreli,2.1883307051137644,0.5738274573151262,0.2854653889968505,[]
Amritsar,1.0881802880119693,0.5957532319646326,0.2606863676990083,[]
Amroha,1.954630055398629,0.923314721933062,0.28644304020134503,[]
Anakapalli,2.5797890438924806,1.081824432729773,0.23264936632468317,[]
Anand,2.015487973742243,0.5081900307746611,0.29712317855971515,[]
Anantapur,2.6139132185643814,1.2048295941085803,0.2756034052427787,[]
Ananthapur,2.9239094785175466,0.6368294861548587,0.5099216231093868,[]
Ananthapuramu,1.194153415741243,0.5501291328323135,0.5020310150586862,[]
Anantnag,1.4378232081581364,1.356192895191731,0.46734316802064696,[]
Andamans,7.2592592592592595,1.1264546159813809,0.14079147640791476,[]
Angul,2.012804794987059,0.8129117259552042,0.4144985879949528,[]
Anjaw,1.4389140271493213,1.0415584415584414,0.5146036161335188,[]
Annamayya,0.9841185342915447,1.0416536172878172,0.26057705645720625,[]
Anugal,0.8888888888888888,,0.0,[]
Anugul,5.758139534883721,2.2514285714285713,0.12325686009896536,[]
Anugul  *,,,0.0,[]
Anuppur,0.9817871371656232,0.43146075073693535,0.2739359203232171,[]
Araria,2.1205810174437887,0.64709438460556,0.17024650425255874,[]
Ariyalur,2.090208442809599,0.6648207068535558,0.4678353219666677,[]
Arvalli,2.497777777777778,0.5768880010422547,0.4420003591309032,[]
Arwal,2.0191041319921847,0.7650051780809581,0.19067985387151384,[]
Ashok Nagar,0.6875018656159517,0.35192183028444035,0.2873923603444469,[]
Ashoknagar,,,,[]
Auraiya,1.835258403672442,0.7680613362541074,0.32191975046079685,[]
Auraiya *,,,1.0,[]
Aurangabad,3.5256677641678222,0.9232037446552286,0.1868616747487335,[]
Aurangabad(BH),0.6666666666666666,3.0,0.12,[]
Aurangabad(bh),0.8003384094754653,1.2753623188405796,0.07395993836671803,[]
Ayodhya,2.0207922095012503,1.0579230450972281,0.2204201270151441,[]
Azamgarh,1.9108853943584412,0.9184458339294281,0.2771047096341307,[]
BALANGIR,,,,[]
Badgam,2.1482115351702893,0.8820951798634465,0.21227838551490003,[]
Bagalkot,1.493035287874768,0.7377238282844416,0.3561001524460664,[]
Bagalkot *,5.056047197640118,1.6087866108786608,0.16851168511685116,[]
Bageshwar,1.977037887485649,1.0191726947117072,0.3697196261682243,[]
Baghpat,1.8787793161910145,0.8302687411598303,0.28927760838166855,[]
Baghpat *,2.0,,0.0,[]
Bagpat,1.3333333333333333,1.0,0.21428571428571427,[]
Bahraich,2.941873535407419,0.9518693912150433,0.3488226314353351,[]
Bajali,0.9170370370370371,0.5185185185185186,0.07266982622432859,[]
Baksa,2.6512645249487354,1.292153904187099,0.27622673434856176,[]
Balaghat,0.5747499675282504,0.7943611052939037,0.5405601563226947,[]
Balangir,1.925895202543896,0.7504593399115345,0.39044671412359433,[]
Baleshwar,4.17282089927154,1.0794792312461252,0.19650834704914177,[]
Baleswar,1.6496769562096194,0.9988683407583548,0.5423728813559322,[]
Balianta,,,0.0,[]
Ballari,0.8694578384099729,0.7379992671308172,0.47494703086525797,[]
Ballia,2.2161336975735173,0.8040309064268923,0.3009260251655913,[]
Bally Jagachha,,0.5,0.0,[]
Balod,1.0951862790818176,1.1113877981036298,0.36852391018226777,[]
Baloda Bazar,1.5483870967741935,1.2744425186408739,0.35948102657416886,[]
Balotra,,,0.05108055009823183,[]
Balrampur,1.5991624834187324,1.239961377804832,0.3428365241049803,[]
Banas Kantha,4.348348348348349,2.1396825396825396,0.07868383404864092,[]
Banaskantha,1.7645851583030907,0.6891535094714085,0.31352926102261847,[]
Banda,2.619453130197592,0.8199335345589805,0.278181873057073,[]
Bandipore,1.2154562006878413,0.9002775998291693,0.4243431722348362,[]
Bandipur,,,0.0,[]
Bangalore,3.645124407905483,0.6866907009087103,0.20757245173836741,[]
Bangalore Rural,0.9766724265613429,0.8975736106349751,0.2765502752825268,[]
Banka,2.06563354603464,0.6935490505244395,0.2107686575109124,[]
Bankura,3.077188218090662,0.8374957325560021,0.16069142125480154,[]
Banswara,1.0063811474193451,0.7767044949479984,0.24445701169308562,[]
Bapatla,1.7336648708385134,1.5396449704142012,0.32657429311704406,[]
Bara Banki,1.744385991793929,0.8084947269127157,0.3583841941720058,[]
Barabanki,6.09795918367347,1.5510718789407314,0.07060931899641577,[]
Baramula,1.367501029606919,0.9998546934030805,0.4225094843332865,[]
Baran,0.6445276429998489,0.948203658805378,0.3251494212011465,[]
Barddhaman,3.2056271766359132,0.8083074275348275,0.16609578139126227,[]
Bardez,2.25,0.7777777777777778,0.14545454545454545,[]
Bardhaman,5.51908150064683,1.4573170731707317,0.044097222222222225,[]
Bareilly,1.698255222476345,0.8237897382551547,0.28318199543200934,[]
Bargarh,2.6186197916666667,0.9342539454806312,0.4248017678408943,[]
Barmer,0.634742824800132,0.7371049410193634,0.38214607529034844,[]
Barnala,2.2639722134512157,0.8855959727184151,0.4127897328096476,[]
Barpeta,2.392439377622637,1.418575906851769,0.35987132532133853,[]
Barwani,0.5901039058587882,0.39048984149735827,0.3597105288052218,[]
Bastar,1.895204001569243,1.1743319824440446,0.30164210755260723,[]
Basti,2.2450634432014414,0.8905211890203553,0.312219730941704,[]
Bathinda,1.8731045903845158,0.7847664008750972,0.3718776868978593,[]
Baudh,6.496240601503759,0.7973441108545034,0.2289532293986637,[]
Beawar,,,0.05019305019305019,[]
Beed,4.362727238930814,0.7832608908787869,0.20059285404799898,[]
Begusarai,2.1091319192324924,0.6760468646324727,0.22406827880512092,[]
Belagavi,1.5582994890606576,0.8734950714727384,0.47054639779097984,[]
Belgaum,2.336177239576166,0.8074667610333148,0.27241688037754747,[]
Bellary,2.588954998742982,0.8031544575195614,0.2667923773606468,[]
Bemetara,1.4562906692577218,1.170157216641126,0.36104541871323753,[]
Bengaluru,1.126581041391265,0.7138439613945818,0.306347353892557,[]
Bengaluru Rural,2.2916666666666665,4.0,0.1111111111111111,[]
Bengaluru South,1.73,3.142857142857143,0.09026494146642021,[]
Bengaluru Urban,,,,[]
Betul,1.095271700776288,0.6321061477521305,0.4122364340373993,[]
Bhabua,0.8245614035087719,0.7666666666666667,0.06837606837606838,[]
Bhadohi,1.148890670943598,0.7404148334380892,0.2603462489694971,[]
Bhadradri Kothagudem,2.5622886514270253,1.6849466950959486,0.34547725616737796,[]
Bhadrak,1.9608098068350668,0.7157095792151466,0.42629703139338837,[]
Bhadrak(R),,,0.0,[]
Bhagalpur,1.7497520741116996,0.7222319093286836,0.21923376518726106,[]
Bhandara,6.033495866016536,1.1058437414531863,0.18177332305319968,[]
Bharatpur,1.0590478963459018,0.7220047438147212,0.33018126642642315,[]
Bharuch,1.3668627053336038,0.6409183638186785,0.33522551346888224,[]
Bhavnagar,2.0877428470505124,0.5074743527112848,0.2882878232591751,[]
Bhilwara,1.190696156043418,1.1810387097629176,0.28084507737492903,[]
Bhind,1.3128336902212705,0.6825736488986854,0.3199556591181594,[]
Bhiwani,1.850171280956927,0.7362472279848343,0.3148591332369737,[]
Bhojpur,1.509826162002219,0.7295521380028422,0.1976226536325669,[]
Bhopal,1.0608883124757877,0.7205907031381104,0.33464401414546086,[]
Bicholim,,,0.0,[]
Bid,26.508274231678485,1.9065163993642538,0.015038505851676673,[]
Bidar,1.7601187617342708,0.9781240075473109,0.362771123340887,[]
Bijapur,2.30843253968254,0.8497750918518011,0.26419809650748693,[]
Bijapur(KAR),,4.0,0.23076923076923078,[]
Bijnor,1.8190143512478432,0.8395300766634397,0.26192328684403055,[]
Bikaner,1.02454021817643,0.7910513014640804,0.3268212073944804,[]
Bilaspur,1.4777348162307757,1.3150929845204076,0.3520410149912389,[]
Birbhum,2.1067082683307334,0.9509004485505792,0.1698966922064035,[]
Bishnupur,9.27177700348432,1.2905222017153404,0.2647375215146299,[]
Biswanath,2.3767368003175866,1.1826666666666668,0.24750917671735712,[]
Bokaro,1.4901970467677417,0.6451258782201406,0.2558813140233133,[]
Bokaro *,,0.6666666666666666,0.5,[]
Bongaigaon,1.078569461384113,1.4604404953209187,0.37490139589120963,[]
Botad,1.7268461348481103,0.5045836222170865,0.391374981538916,[]
Boudh,2.81120712228332,0.9798945690817703,0.4764613427138687,[]
Budaun,1.5934062477061333,0.9948420023889674,0.2683578696879828,[]
Budgam,0.44897422409258286,1.0387219775162713,0.728919922220258,[]
Bulandshahar,1.1908045977011494,1.2962962962962963,0.09379509379509379,[]
Bulandshahr,1.4187982354034414,0.7972434702574773,0.351732587475718,[]
Buldana,26.4275092936803,1.7266802231607485,0.030962122211957238,[]
Buldhana,8.834827995255042,1.1444431710741196,0.15076364561293978,[]
Bundi,0.9884330991317153,0.7922793301052818,0.3002680965147453,[]
Burdwan,,0.25,0.0,[]
Burhanpur,1.196097372488408,0.5838502822889803,0.4208507670850767,[]
Buxar,2.3704426505810345,0.7549093017076882,0.1896427930353617,[]
Cachar,2.437229933845742,1.1231408470654893,0.3107896864612344,[]
Central Delhi,0.7077594059679244,0.5502405887347863,0.2711975167456298,[]
Chamarajanagar,9.62303664921466,1.426183844011142,0.16538233550681683,[]
Chamarajanagar *,0.5555555555555556,1.0444444444444445,0.18292682926829268,[]
Chamba,1.8632209885034883,1.1539608574091333,0.4762841330101084,[]
Chamoli,1.757768924302789,1.1755366726296959,0.42504211117349805,[]
Champawat,2.0080128205128207,1.3585069444444444,0.39872245289045033,[]
Champhai,0.7545241643602298,0.14796879203658866,0.3123259052924791,[]
Chamrajanagar,2.107750472589792,0.9301972685887708,0.371,[]
Chamrajnagar,6.0,2.24105461393597,0.14988644965934897,[]
Chandauli,1.881365068833969,0.686845306982403,0.2637593589911993,[]
Chandauli *,,,0.5,[]
Chandel,5.5221757322175735,1.2766037735849056,0.31176117010619114,[]
Chandigarh,0.6768598226904792,0.3637979746674709,0.238595844091971,[]
Chandrapur,8.346288774002955,1.2209934338979729,0.14817667308477742,[]
Changlang,1.199886909810574,1.198983580922596,0.5195606089805358,[]
Charaideo,2.630079402148529,0.8750216675333681,0.25787860208461066,[]
Charkhi Dadri,1.798680904522613,0.7599041308332158,0.2210876276418903,[]
Chatra,1.6084534981307697,0.6323935446237605,0.2633086975149957,[]
Chatrapati Sambhaji Nagar,0.9658385093167703,0.5289730349971313,0.1271617497456765,[]
Chengalpattu,5.077403451109285,2.07699836867863,0.22242499060705276,[]
Chennai,2.7621003979971754,1.0930786639146794,0.3955156524630659,[]
Chhatarpur,1.0605729615789978,0.47784055830383165,0.32557301055884624,[]
Chhatrapati Sambhajinagar,4.667269848450577,0.6429541134944339,0.09903486653334492,[]
Chhindwara,0.6622406144868855,0.7084552892649801,0.3626302746376074,[]
Chhotaudepur,1.6964114373440797,0.4119305005529987,0.37663102128911996,[]
Chickmagalur,3.5339139614674053,0.8244314155015784,0.18597723974642938,[]
Chikkaballapur,1.4746030984699505,0.8082641307259577,0.2846835027877993,[]
Chikkamagaluru,1.7443862907310486,0.742815832279053,0.3680465717981889,[]
Chikmagalur,5.455497382198953,1.419753086419753,0.09306569343065693,[]
Chirang,4.725401606425702,1.7256034660614814,0.381893528849219,[]
Chitradurga,1.5023303987571206,0.8375391032325339,0.30042471143073035,[]
Chitrakoot,1.6456338489238072,0.9207561225439985,0.3605455821883462,[]
Chitrakoot *,,,0.0,[]
Chittaurgarh,8.429292929292929,1.2552727272727273,0.09834123222748815,[]
Chittoor,1.4217944449488986,0.9422504140017437,0.4615629181183515,[]
Chittorgarh,1.0138201672069613,0.6695381466160604,0.2855851165849248,[]
Chumukedima,3.3401162790697674,0.5782178217821782,0.21544401544401545,[]
Churachandpur,3.9165003837298547,1.3631894162867613,0.3371927586714419,[]
Churu,0.9606847582919948,0.7977067977067978,0.3523564887201251,[]
Coimbatore,2.8448861181408556,0.7235788482038823,0.2474727274153197,[]
Cooch Behar,2.7236202156904206,0.674800118448327,0.12854780261205828,[]
Coochbehar,,,,[]
Cuddalore,2.531670878342729,1.2404128798465675,0.41459576480861593,[]
Cuddapah,2.6894599669310315,0.9318685091408463,0.40866334213356803,[]
Cuttack,1.6085315482125053,0.7202745960121871,0.4107842973689918,[]
Dadra & Nagar Haveli,3.351851851851852,0.6217008797653959,0.10687022900763359,[]
Dadra And Nagar Haveli,,,,[]
Dadra and Nagar Haveli,2.511831726555653,0.4949184388077547,0.30414107390529027,[]
Dahod,1.6009820131269104,0.5025961663277227,0.31899102224035913,[]
Dakshin Bastar Dantewada,3.6313276026743075,0.8987962075210398,0.3588528474548574,[]
Dakshin Dinajpur,1.8561460501933151,0.756983671327592,0.13721630165250145,[]
Dakshina Kannada,2.352006172839506,0.8041100073649609,0.3208043280871671,[]
Daman,2.717795979151154,0.6699485343477287,0.2588801926550271,[]
Damoh,0.8190021096510179,0.3715623429412854,0.3118528280573411,[]
Dang,,,,[]
Dantewada,3.972602739726027,0.7849628485249761,0.38701298701298703,[]
Darbhanga,2.525031601846136,0.7689412136328039,0.19913107949860376,[]
Darjeeling,3.46285074094821,0.8074768972276674,0.12711380506873984,[]
Darjiling,6.478728856996411,0.8749305169538633,0.028844800900520613,[]
Darrang,2.400777000777001,1.2256677924470372,0.2901411773958866,[]
Datia,1.2273632942218287,0.5021412421864611,0.26344478303789864,[]
Dausa,1.3029108351402852,0.7611727128723155,0.3571355894263446,[]
Davanagere,3.867403314917127,1.2667886072641754,0.07161803713527852,[]
Davangere,1.5653734494589602,0.5940364311405035,0.3216551489747366,[]
Debagarh,2.0666836345125983,0.9224959539651142,0.43035908596300326,[]
Deeg,0.5189003436426117,3.611111111111111,0.046263345195729534,[]
Deeg ,2.7669616519174043,0.42857142857142855,0.09186906019007392,[]
Dehradun,1.3656638898507039,1.233333750171946,0.40935319539341847,[]
Deoghar,1.3948506344854872,0.6890267004327105,0.2639795967011489,[]
Deoria,2.4230278739296773,0.8030656919545809,0.2798658122576887,[]
Devbhumi Dwarka,2.260025873221216,0.6326182476092014,0.5530011442837823,[]
Dewas,0.8147022905310816,0.6789628322143153,0.3614515250544662,[]
Dhalai,3.184873949579832,0.4979819266349965,0.30937614009485587,[]
Dhalai  *,8.181818181818182,0.6958333333333333,0.12448132780082988,[]
Dhamtari,1.272560930981483,1.2089716702804536,0.37539640849043754,[]
Dhanbad,1.2511573899537045,0.5512378829330902,0.20163237774030354,[]
Dhar,0.9219358179783164,0.43942310095733245,0.2721073308131347,[]
Dharashiv,6.5354752342704145,1.4202127659574468,0.08862629246676514,[]
Dharmapuri,2.560282124752039,1.259699079830888,0.5229632650500361,[]
Dharwad,1.137197985144711,0.6545256698958695,0.32454244127395876,[]
Dhaulpur,1.624413145539906,0.5565749235474006,0.0928030303030303,[]
Dhemaji,2.08499360263206,1.332797427652733,0.266791897243235,[]
Dhenkanal,1.9786358811040339,0.7479827293318234,0.4447372801420407,[]
Dholpur,0.7408951953490838,0.6108021821881523,0.34528587064158023,[]
Dhubri,2.2398593692606394,1.1035562397265635,0.23931195463161686,[]
Dhule,5.760325916640552,0.8913553365142227,0.204884616823129,[]
Dibang Valley,5.804878048780488,2.205357142857143,0.644808743169399,[]
Dibrugarh,2.2515430861723447,0.5632790028763183,0.2426828656057031,[]
Didwana-Kuchaman,,,0.09203296703296704,[]
Dima Hasao,4.714285714285714,7.333333333333333,0.09486166007905138,[]
Dimapur,2.7185525560022974,1.0564071493486822,0.40101107724332763,[]
Dinajpur Dakshin,,,,[]
Dinajpur Uttar,,,,[]
Dindigul,2.572324796505857,0.777167668870022,0.32936775690424613,[]
Dindori,0.42381025405101463,0.4462217977796347,0.3889771853370931,[]
Dist : Thane,,,0.0,[]
Diu,2.9495412844036695,0.9602344077019672,0.4519553072625698,[]
Doda,3.0620689655172417,1.3712819102616987,0.4519274791685743,[]
Dohad,3.0552861299709018,0.6134530639394695,0.07515718672320515,[]
Domjur,,1.0,0.0,[]
Dr. B. R. Ambedkar Konaseema,2.565715207224641,1.5804949767213918,0.29892665474060826,[]
Dumka,1.3827398503061918,0.5608870967741936,0.24801596961877403,[]
Dungarpur,0.7066524671636494,0.8924979114452798,0.32895272431238004,[]
Durg,1.2193707227507928,1.422669229451729,0.5305737752216815,[]
East,1.8396596858638745,0.494579945799458,0.19098822324628775,[]
East Champaran,2.5708072645516786,0.7533957647852864,0.17447075617830785,[]
East Delhi,0.44608916814321303,0.5087588482242266,0.25565081839438814,[]
East Garo Hills,0.7115384615384616,0.34121186076493343,0.14791464597478177,[]
East Godavari,1.7759250744173665,0.9384564464000622,0.46115381217422036,[]
East Jaintia Hills,1.243191591017678,1.624755700325733,0.4705651491365777,[]
East Kameng,1.8432432432432433,0.9281090289608177,0.5914872798434442,[]
East Khasi Hills,1.5975810885101704,0.735608231310237,0.3288159219391311,[]
East Midnapore,8.31753167143441,1.0966769123702371,0.06340579710144928,[]
East Midnapur,1.0,1.8333333333333333,0.07692307692307693,[]
East Nimar,2.283102987070887,0.6128301398239254,0.17548670139840966,[]
East Siang,3.4413043478260863,1.9488703923900121,0.4909993792675357,[]
East Sikkim,1.7115689381933439,0.7106397083195227,0.3603268945022288,[]
East Singhbhum,1.9411363414871845,0.5800373434937965,0.25416694225808584,[]
East Singhbum,,,,[]
East midnapore,,1.3333333333333333,0.0,[]
Eastern West Khasi Hills,0.5384615384615384,0.3333333333333333,0.17616580310880828,[]
Eluru,2.765957446808511,0.8948294055575097,0.23507726096164405,[]
Ernakulam,4.394649152460521,0.7043413445805913,0.23859549161354654,[]
Erode,2.614902013694471,1.1942955527401489,0.3841632235805256,[]
Etah,2.4027031833540815,0.6107171118443644,0.29158368370583465,[]
Etawah,1.632427371931775,0.7496958108812792,0.31259097525473073,[]
Faizabad,2.217889217045386,0.8310739265953797,0.31308382307454374,[]
Faridabad,0.7570426465411397,0.9041125990307499,0.3184989767992307,[]
Faridkot,1.660367976131278,0.7567586472213479,0.31645424929988,[]
Farrukhabad,2.588081376332832,1.0513459030001187,0.31388107977388835,[]
Fatehabad,0.8195223539686273,0.8479210021626474,0.30846902574365503,[]
Fatehgarh Sahib,1.2675396571915256,0.879504157684016,0.42742863720073665,[]
Fatehpur,1.9446889212130138,0.767154792077349,0.26713762734067065,[]
Fazilka,0.9841658812441093,0.6632686259624769,0.37397015389398414,[]
Ferozepur,0.9539025667888947,0.6529535864978903,0.3837081371297804,[]
Firozabad,1.607364983932829,0.794365436101491,0.26575249560222963,[]
Firozpur,3.8721872187218724,0.8099375841390283,0.12153462094337143,[]
Gadag,1.5270875513835203,0.6981813363368337,0.3328547187051299,[]
Gadag *,3.1646341463414633,1.1271878646441074,0.17864271457085829,[]
Gadchiroli,5.793256433007985,1.6228655317176193,0.15303615990605274,[]
Gajapati,1.5807801774652603,0.7967865014100529,0.5036376795032949,[]
Ganderbal,1.808295397066262,1.2210724365004706,0.4910459678339227,[]
Gandhinagar,0.9105493217971249,0.4482069483748221,0.22718639511439676,[]
Ganganagar,0.9868174070637986,0.7497351588376491,0.2885251062490162,[]
Ganjam,1.9496103896103898,0.8699596544414305,0.4049208774213018,[]
Garhwa,2.6309434830104066,0.6290079564378419,0.2545205244665353,[]
Garhwa *,5.8808193668528865,0.7520946278955151,0.040257648953301126,[]
Garhwal,1.0,1.5081967213114753,0.06217616580310881,[]
Gariyaband,3.746200291484489,1.5357045886505565,0.30753132924637466,[]
Gaurela-pendra-marwahi,3.217060167555217,0.650839606253619,0.26327599102468213,[]
Gaurella Pendra Marwahi,,,,[]
Gautam Buddha Nagar,0.9314030629241503,0.7101906002848398,0.24361224348787397,[]
Gautam Buddha Nagar *,,,0.0,[]
Gaya,1.6029573291736277,0.6062026305233601,0.20904668062569282,[]
Ghaziabad,1.1138398799976623,0.696010502004226,0.2438431471068518,[]
Ghazipur,1.6745663327632543,0.7506962079089218,0.3009079779636809,[]
Gir Somnath,2.1258334758078306,0.7379081803626615,0.523378395138286,[]
Giridih,1.0819089192436913,0.6185845745185466,0.2600606846251371,[]
Goalpara,1.8041072768192048,1.9701063524001148,0.30509606337451056,[]
Godda,2.20141317016317,0.6783817324398114,0.2826892744479495,[]
Golaghat,1.8907621568900652,1.6945921173235565,0.3076181292189007,[]
Gomati,1.9083083083083083,0.9069698467622344,0.49524216828824974,[]
Gonda,1.9858818315632867,0.8461941569500853,0.3106588357357246,[]
Gondia,2.621212121212121,2.7017543859649127,0.01345565749235474,[]
Gondiya,5.957720933141535,1.1898600300761821,0.1471601100083702,[]
Gondiya *,3.4696969696969693,1.6222222222222222,0.015333333333333332,[]
Gopalganj,2.6860393059490084,0.7264200653388133,0.17492493343153362,[]
Gorakhpur,2.106577399800959,0.8562908811081185,0.2569566957733533,[]
Gulbarga,3.864637465973769,0.9342284934000911,0.2343533838747164,[]
Gumla,2.6379643866871683,0.7091901223910966,0.2474594725381079,[]
Guna,0.8377813504823152,0.3512779453787832,0.2914670574310996,[]
Guntur,1.4132488468168292,0.8616247927560261,0.41286304479982133,[]
Gurdaspur,1.0049057470304574,0.5176574921610236,0.18892662344344963,[]
Gurgaon,1.0234852519718989,0.902222040013119,0.2752798178377858,[]
Gurugram,,,,[]
Gwalior,1.1749096701503556,0.6020653586744041,0.34824152613403964,[]
HOOGHLY,1.4027777777777777,1.8,0.046875,[]
HOWRAH,0.6481481481481481,0.7777777777777778,0.125,[]
Hailakandi,3.5735217163788593,1.271586773019438,0.29060728004389974,[]
Hamirpur,2.3198194287698586,0.8690043305863651,0.33347854497930735,[]
Hanumakonda,2.71604324593016,0.7710510141364474,0.14631242092729033,[]
Hanumangarh,0.7227764656114499,0.754489481785531,0.2960487098697096,[]
Haora,7.298450064095094,0.7662331190511785,0.038357007332957285,[]
Hapur,1.8169202258328665,1.0080029679881282,0.3790463364756347,[]
Harda,0.8015982364287682,0.4614833159541189,0.3500500500500501,[]
Harda *,1.7259786476868326,0.561893968014104,0.1846298031865042,[]
Hardoi,1.8817025981205087,0.8215686004760004,0.36297789206260955,[]
Hardwar,1.137546468401487,2.238505747126437,0.11962286387743076,[]
Haridwar,1.9879608728367193,2.563854849917798,0.5660977805257271,[]
Hasan,6.266280752532562,1.4733632286995517,0.11375212224108659,[]
Hassan,1.1986495944666309,0.777666174298375,0.34763158844114145,[]
Hathras,2.304580775644892,0.6766536835447252,0.32739910228972935,[]
Haveri,0.8771842236645032,0.5780745939215576,0.3148885713417044,[]
Haveri *,2.3035714285714284,1.4603174603174605,0.1490125673249551,[]
Hawrah,1.1904761904761905,1.1111111111111112,0.05714285714285714,[]
Hazaribag,1.8178606476938177,0.6789054381711119,0.09421939007737824,[]
Hazaribagh,1.4899979053204861,0.6534933956584864,0.26936278167437694,[]
Hingoli,10.669072300223068,1.049732968607529,0.14628750935421,[]
Hingoli *,0.16666666666666666,1.1666666666666667,0.0,[]
Hisar,1.0727272727272725,0.8472048163165008,0.34271262578922235,[]
Hnahthial,0.5882352941176471,1.5555555555555556,0.25,[]
Hojai,2.052197582259226,1.4210557357711588,0.2833413770913771,[]
Hooghiy,5.0,2.0,0.05555555555555555,[]
Hooghly,2.925992095717611,0.692893868596024,0.14553337258470267,[]
Hoshangabad,2.1055941741145316,0.4838069890340495,0.3449695242618539,[]
Hoshiarpur,1.180336829159977,0.6021487278745546,0.26402870269991224,[]
Howrah,2.9065707717868765,0.600806240510968,0.1625367202350095,[]
Hugli,1.1195402298850576,1.0091743119266054,0.06288343558282208,[]
Hyderabad,1.4748459676532073,1.1244946886814937,0.37883162599375075,[]
IDPL COLONY,,,0.0,[]
Idukki,5.1589648798521255,0.7592102233479161,0.28542684679505603,[]
Imphal East,17.590837559013814,1.3221611926914023,0.2845813427887023,[]
Imphal West,10.674853176721838,1.633998162581869,0.2969324204092685,[]
Indore,0.7955316297422151,0.8426453234826331,0.3313696116880712,[]
JAJPUR,1.4797752808988764,0.6034120454464508,0.4357173395223844,[]
Jabalpur,1.0132246554715374,0.8518481904539367,0.33475863477395146,[]
Jagatsinghapur,1.5403362292677423,1.1650809220205984,0.5769589741508745,[]
Jagatsinghpur,4.568888888888889,1.5344147303814117,0.1983499095840868,[]
Jagitial,2.8022981732469066,1.4722895459686542,0.3284993246605531,[]
Jaintia Hills,0.5,0.3333333333333333,0.10526315789473684,[]
Jaipur,1.2012556679455877,0.7711858467719956,0.28200021743642456,[]
Jaisalmer,1.1222076215505914,0.7026198774185796,0.35326900252851023,[]
Jajapur,2.2125748502994007,0.7745955551452771,0.3560977192356357,[]
Jajapur  *,2.0,,0.0,[]
Jajpur,4.16374269005848,0.7279279279279279,0.07526881720430108,[]
Jalandhar,2.2091788433834125,0.6675352631280802,0.2796681031710298,[]
Jalaun,2.3262148383186565,0.7295055005299513,0.2605355241137989,[]
Jalgaon,6.086714484530565,0.9470339656213262,0.2021756059377257,[]
Jalna,6.553607914829552,0.9882141306370571,0.18860796047037684,[]
Jalor,0.8606970509383378,0.8759673165881284,0.3397677276150462,[]
Jalore,,,0.056818181818181816,[]
Jalpaiguri,2.9495440087634788,0.7371404327535002,0.10236025775513262,[]
Jammu,2.0091334627240554,1.1233877086494688,0.4560630869704327,[]
Jamnagar,1.9583549783549785,0.5664377709566154,0.2767837310891187,[]
Jamtara,1.6531990259021472,0.6029088282609409,0.21702533482605632,[]
Jamui,2.0170478420073232,0.9423751880237805,0.3187181840941334,[]
Jangaon,1.4634794156706508,1.1633986928104576,0.23045267489711935,[]
Jangoan,2.2414355628058726,1.899812483257434,0.2782720205177527,[]
Janjgir - Champa,1.4583333333333335,1.5185185185185184,0.032448377581120944,[]
Janjgir Champa,1.5396825396825398,1.6666666666666667,0.06779661016949153,[]
Janjgir-champa,1.50275604690745,1.1999078928723252,0.28245052260898834,[]
Jashpur,1.7170221117362292,1.5383703282109655,0.3856965498214368,[]
Jaunpur,1.9927447059426755,0.9081551609111413,0.3023772989080882,[]
Jayashankar Bhupalpally,1.9801737853383918,1.1777391304347826,0.1836859858938976,[]
Jehanabad,1.8406925689669456,0.8244793238756415,0.2020214210288128,[]
Jhabua,1.8435225955967554,0.46163663351228373,0.2877128620708536,[]
Jhajjar,1.2072892938496584,0.8208780536394651,0.3175571986607143,[]
Jhajjar *,,,,[]
Jhalawar,0.682145928424952,0.8513667425968109,0.28706447557471265,[]
Jhansi,2.2232085121392045,0.8975178176456131,0.31864631169583385,[]
Jhargram,1.9031997848884108,0.728882833787466,0.2377956172705576,[]
Jharsuguda,1.7190650271408,1.0591575958353052,0.4082939381245886,[]
Jhunjhunu,11.813602015113348,2.156316916488223,0.1032219570405728,[]
Jhunjhunun,1.690458504963198,0.745728143265763,0.3125817943870874,[]
Jind,0.9430290872617854,0.8515457797634854,0.30702645195609074,[]
Jiribam,5.893280632411067,0.4422360248447205,0.18841364374661612,[]
Jodhpur,0.8621088038933022,0.6734652776506344,0.3332134748348521,[]
Jogulamba Gadwal,1.397005261027924,1.1319972356599863,0.2929676590515556,[]
Jorhat,2.545830461750517,1.626420138115393,0.3098514932274384,[]
Junagadh,2.342292986360783,0.6505234081550991,0.24701996894206163,[]
Jyotiba Phule Nagar,1.6833333333333333,1.3055555555555556,0.034055727554179564,[]
Jyotiba Phule Nagar *,,,0.0,[]
K.V.Rangareddy,2.3893805309734515,1.5545977011494254,0.17758985200845667,[]
K.v. Rangareddy,1.8418487934405183,1.0504456491776164,0.3739545401639481,[]
KOLKATA,0.9444444444444445,0.3333333333333333,0.0,[]
Kabeerdham,0.7996900826446282,1.8607301869991095,0.5382906932046299,[]
Kachchh,1.4121283335036272,0.5458709001663551,0.3128181482847658,[]
Kadiri Road,,,0.0,[]
Kaimur (Bhabua),2.5717988948768675,0.6714405345820588,0.21316964285714285,[]
Kaithal,0.7782874617737002,0.6489486852351996,0.32627270069198533,[]
Kakching,4.771894093686354,0.7439678284182306,0.28709454796411316,[]
Kakinada,1.451226956415578,1.1766463000678886,0.2869913686806412,[]
Kalaburagi,1.0256525991123149,0.8309586276488394,0.4897285292656556,[]
Kalahandi,1.8052990766760335,0.658377091647413,0.33987041788059313,[]
Kalimpong,4.089514066496164,1.5354523227383863,0.1693674856246733,[]
Kallakurichi,3.23913571255159,1.1093901258470473,0.24851013110846246,[]
Kamareddy,2.644248123871948,1.4984505910708137,0.299373960676905,[]
Kamle,0.3648068669527897,0.25438596491228066,0.2982456140350877,[]
Kamrup,3.070396906630274,0.984440227703985,0.246601235914213,[]
Kamrup Metro,2.9674727358937885,0.7944032578051582,0.2237464522232734,[]
Kancheepuram,1.7129117449973064,1.137683346411541,0.43955333333333335,[]
Kanchipuram,3.0,,0.06666666666666667,[]
Kandhamal,1.343070262375463,0.7449624473346766,0.42829690127312037,[]
Kangpokpi,,,0.6666666666666666,[]
Kangra,2.012580834803057,1.1776430881235531,0.4804615476119669,[]
Kanker,3.7335984095427435,1.5377148366078255,0.3556838789729885,[]
Kannauj,2.1884144415985403,0.8767062791071143,0.3193142598494993,[]
Kanniyakumari,2.044546690369131,1.0589479249273064,0.3920574470037625,[]
Kannur,4.845788849347568,0.7219030684356905,0.20195264558655213,[]
Kanpur Dehat,1.528671773660638,0.7491866150462585,0.3155925075715195,[]
Kanpur Nagar,2.0248172419503656,0.8177759141488262,0.24152223604641068,[]
Kanyakumari,1.9063797659494148,1.579352665142582,0.5721174545767674,[]
Kapurthala,4.716049382716049,0.6497698109511215,0.28955146036161333,[]
Karaikal,2.7021197471178877,1.075728890571753,0.2774020397208803,[]
Karauli,1.314768602540835,0.7616773819471683,0.37326976314980004,[]
Karbi Anglong,1.7784253020093488,2.2320811744386875,0.4228330408197928,[]
Kargil,2.6687211093990757,0.9877738155883852,0.4505179634119462,[]
Karim Nagar,8.276785714285714,2.2057001239157374,0.16620803522289487,[]
Karimganj,4.623590563774491,2.4089053803339517,0.34504495194791773,[]
Karimnagar,2.31595406792084,1.0524898252334212,0.33747041966630387,[]
Karnal,0.9207264512677229,0.8007268502658663,0.29574206948640486,[]
Karur,2.6638239808971518,0.9226452297891703,0.38692532553813447,[]
Kasaragod,4.288502051225191,0.6560556707136511,0.24987183984027198,[]
Kasargod,8.098223615464995,2.872611464968153,0.0513262142611092,[]
Kasganj,2.9383537827231634,0.9787939959626646,0.32386889127298285,[]
Kathua,1.5364821690700283,1.033917510197915,0.45957314913212893,[]
Katihar,2.070806850382145,0.7236090828752827,0.18925737075253277,[]
Katni,1.1859229004643874,0.9777542533081285,0.47667357958260936,[]
Kaushambi,1.465028908236035,0.7081136578056497,0.33452134986225895,[]
Kawardha,1.3027703835157252,1.5071393544292844,0.35188004262444816,[]
Kendrapara,1.7291793171096268,0.8876772886351076,0.43568980894709664,[]
Kendrapara *,,,,[]
Kendujhar,1.5809761873437707,0.7230183251651396,0.3748607827429219,[]
Khagaria,2.0356475799135496,0.7287753568745304,0.24851225498436608,[]
Khairagarh Chhuikhadan Gandai,1.4160728424386382,0.14872364039955605,0.116410670978173,[]
Khairthal-Tijara,,,0.07182835820895522,[]
Khammam,2.8652646436132674,1.2372671197400844,0.39004724619036,[]
Khandwa,1.0487490327572866,0.5414145763806654,0.4236289631533848,[]
Khargone,1.270942251666201,0.42262535437129517,0.2908450704225352,[]
Khawzawl,0.9629629629629629,0.3333333333333333,0.3333333333333333,[]
Kheda,1.5483849214377234,0.5174799630417499,0.24630133492049996,[]
Kheri,1.779463520863651,0.9953115273389174,0.33911343505419683,[]
Khorda,1.8347697485848335,0.7861816355768236,0.45581113801452783,[]
Khordha,5.822864889290556,1.207940446650124,0.12271086753107874,[]
Khordha  *,,,0.0,[]
Khowai,2.4697644812221515,0.7308207954714733,0.5221944001821079,[]
Khunti,1.703172270723485,0.6571198812322158,0.2083028083028083,[]
Kinnaur,4.8563049853372435,1.1692089393401917,0.4886914378029079,[]
Kiphire,1.7013232514177692,0.5901442307692307,0.36291179596174283,[]
Kishanganj,1.1630780630257596,0.9696995175885734,0.22788715691299585,[]
Kishtwar,1.389948006932409,0.7190018195996881,0.4106827916351726,[]
Koch Bihar,5.7529719707710765,1.029837043837503,0.01750646446292543,[]
Kodagu,3.146122814881219,0.6535306294564134,0.23047602162928818,[]
Kodarma,3.391382405745063,0.6411431652736587,0.14944769330734242,[]
Koderma,1.1684789728809117,0.560878176508107,0.30903722572801484,[]
Kohima,2.101673899566026,0.5841281600148162,0.2612909878325428,[]
Kokrajhar,3.251100301135047,1.0310891713055352,0.2315109844038236,[]
Kolar,1.1688511950655358,0.7870366355950574,0.3324247618512378,[]
Kolasib,0.8538745387453874,0.26549222797927463,0.4856439704675964,[]
Kolhapur,7.988392205096667,0.7927657842819098,0.18647853683349183,[]
Kolkata,3.5133203883495145,0.8039744280982825,0.11815298150001065,[]
Kollam,4.848520023215322,0.6728320544177697,0.22738042245229104,[]
Komaram Bheem,2.5584792894496555,1.3978230337078652,0.2574773102310231,[]
Kondagaon,1.1657087388561065,1.3041023277252823,0.2997953840399551,[]
Koppal,1.1978042220830418,0.7077118087779262,0.32368528332653895,[]
Koraput,1.6626798405269545,0.5494572065522924,0.3441075993215318,[]
Korba,0.9663073255772584,0.8609059507427897,0.21046077210460773,[]
Koriya,2.4915434151864697,1.1861560194631926,0.2853134698944755,[]
Kota,0.9670981317349997,0.7030532914452826,0.2508651469376545,[]
Kotputli-Behror,,,0.09328358208955224,[]
Kottayam,6.73247579129932,0.7568158186912923,0.24352702008355115,[]
Kozhikode,4.007348274825478,0.9159992335696493,0.2277213945117539,[]
Kra Daadi,1.8358208955223883,0.4289911851126347,0.4731182795698925,[]
Krishna,1.9870602074644423,0.8359504659772756,0.4086122557170052,[]
Krishnagiri,2.0148508430609597,1.3139839517179892,0.498967923309737,[]
Kulgam,0.9372632575757577,0.7941607423888859,0.5460269599148634,[]
Kullu,2.9815823605706875,1.2233009708737863,0.4769386720729853,[]
Kupwara,0.7204074252651881,0.8512491404996563,0.41627811555820804,[]
Kurnool,1.2095720751239871,0.7951579601890898,0.46231740604097304,[]
Kurukshetra,1.119695734854659,0.7502848834924751,0.2620586434451323,[]
Kurung Kumey,2.855072463768116,0.5111111111111111,0.7080045095828635,[]
Kushi Nagar,,,,[]
Kushinagar,1.5034195284925798,0.9665469286187314,0.28140372525805,[]
Kushinagar *,1.3191489361702127,0.7962962962962963,0.16911764705882354,[]
Lahaul and Spiti,1.851851851851852,2.2777777777777777,0.26373626373626374,[]
Lahul & Spiti,2.264550264550264,1.6,0.14353312302839116,[]
Lahul and Spiti,6.28125,1.9198473282442747,0.6392045454545454,[]
Lakhimpur,1.8710100568430257,1.617496962332928,0.2804982253187853,[]
Lakhisarai,2.489621601763409,0.7954930532023043,0.20130122353855118,[]
Lakshadweep,7.679012345679013,0.8733233979135618,0.3944954128440367,[]
Lalitpur,1.7455083830178861,0.7406506867957395,0.3152060634770251,[]
Latehar,1.740140333897895,0.6181741513809825,0.2305431626655336,[]
Latur,4.861301510145006,0.7081213677746497,0.14238630590258328,[]
Lawngtlai,1.0341732827062478,0.3871311766797014,0.4542981501632209,[]
Leh,1.945124525116083,1.0235822571588995,0.35909861885146593,[]
Leh (ladakh),2.0,0.4,0.75,[]
Leparada,0.7619047619047619,3.6666666666666665,0.7551020408163265,[]
Lohardaga,1.8186999890386935,0.47887680242853525,0.24042097302747667,[]
Lohit,2.8720626631853787,1.153160453808752,0.4288545382481173,[]
Longding,1.378839590443686,0.6890843248836006,0.47562893081761004,[]
Longleng,8.580645161290322,0.36323464427750773,0.2527881040892193,[]
Lower Dibang Valley,2.277264325323475,1.5429472025216706,0.5316614420062696,[]
Lower Siang,0.8524590163934426,3.1299999999999994,0.697228144989339,[]
Lower Subansiri,2.072289156626506,0.7235772357723578,0.4057873485868102,[]
Lucknow,1.9853125832350367,0.8331812850254138,0.2571754554854352,[]
Ludhiana,1.5504374907311285,0.6522059232094238,0.2567725550270096,[]
Lunglei,0.8411251212415131,0.1695757059741734,0.30538209931608684,[]
MALDA,0.8888888888888888,0.717948717948718,0.06521739130434782,[]
Madhepura,2.4002107632984457,0.7381586322869955,0.1948771921236523,[]
Madhubani,2.4560504242899888,0.760089478198382,0.21940357948854106,[]
Madurai,2.2958642200348365,0.9873198404325926,0.4157799260242345,[]
Mahabub Nagar,5.561522573030392,3.1919040479760117,0.04431438127090301,[]
Mahabubabad,2.747515716893125,1.3497861138532412,0.2606798866855524,[]
Mahabubnagar,1.9763086875012874,0.9785425410148798,0.4626845697461748,[]
Maharajganj,1.7803273566729731,1.0455948600546487,0.29558957557019416,[]
Mahasamund,0.6357729773035926,0.9845942351657875,0.3047555053297089,[]
Mahbubnagar,4.038438071995119,1.521863799283154,0.17885740683708037,[]
Mahendragarh,1.2331312673502917,1.0186066637819127,0.336902890976207,[]
Mahesana,1.4262613857332924,0.5420244501265759,0.26428639120545866,[]
Mahisagar,2.3798133022170362,0.6155146188947102,0.43703247381853383,[]
Mahoba,2.5987614776852443,0.8663594470046084,0.3142494033042993,[]
Mahoba *,,,,[]
Mahrajganj,1.0,1.75,0.2777777777777778,[]
Maihar,2.2600195503421308,1.88375350140056,0.05193972427059955,[]
Mainpuri,1.9083157450401014,0.8835873388042204,0.2936992409363554,[]
Majuli,2.4010731052984573,0.7904290429042904,0.22016011644832606,[]
Malappuram,5.212532834796602,0.7686707824270627,0.16703902509792543,[]
Malda,1.6084340116679683,0.8611136124868677,0.17159254192371562,[]
Maldah,5.571212883744338,1.1681752151078333,0.0668285086112129,[]
Malerkotla,0.8485991887557778,0.6158808462195238,0.24754648760330578,[]
Malkangiri,1.5064481238039769,0.675615708897271,0.46465407620213817,[]
Mamit,1.1904761904761905,0.19524687564023765,0.5153562653562653,[]
Mammit,2.2119205298013243,0.2567140600315956,0.26858877086494687,[]
Mancherial,3.8079229122055676,1.747810329205678,0.2756045820958846,[]
Mandi,2.170076726342711,1.043586909510308,0.48428859971524124,[]
Mandla,0.6583778487951667,0.483373561269474,0.30562757358548115,[]
Mandsaur,0.8357465113839051,0.4459346851315424,0.28644626082713187,[]
Mandya,1.6815106071689832,0.8254977341551942,0.30555481692238146,[]
ManendragarhChirmiriBharatpur,,,,[]
Manendragarh–Chirmiri–Bharatpur,1.7053429027113238,0.4041994750656168,0.08259986459038592,[]
Mangan,1.3846153846153846,,0.0,[]
Mansa,1.1936817842858112,0.6719920345771763,0.3571790969051243,[]
Marigaon,2.539425966221117,1.1218435214571547,0.2009100073563469,[]
Mathura,1.7235187898197677,0.8056198385941006,0.32278473555851406,[]
Mau,2.4698147345888226,0.9365798225237721,0.23248911494358077,[]
Mauganj,2.448136958710977,1.9129554655870447,0.043028685790527016,[]
Mayiladuthurai,3.890433360588716,2.3133133133133135,0.48038379530916847,[]
Mayurbhanj,1.8991958566171459,0.7913654993376542,0.4188323964608908,[]
Medak,2.9955509798874878,1.3526548324358354,0.38266514693493237,[]
Medchal Malkajgiri,,,,[]
Medchal-malkajgiri,1.7920957231501458,1.0554710475610993,0.2616131132019646,[]
Medchal?malkajgiri,0.011627906976744186,0.0023446658851113715,0.5555555555555556,[]
Medchalâmalkajgiri,,,0.0,[]
Medchal−malkajgiri,1.5551801801801801,1.3308080808080809,0.6222879684418146,[]
Medinipur,0.8533333333333333,1.4523809523809523,0.14814814814814814,[]
Medinipur West,,,,[]
Meerut,1.8456178276567854,0.8684082293378703,0.2855916763284297,[]
Meluri,0.8095238095238095,2.030054644808743,0.18865598027127004,[]
Mewat,1.125650522762436,1.1824956914621083,0.3404121791238157,[]
Mirzapur,1.8948589789360943,0.8419227738376674,0.32943686922911747,[]
Moga,1.5034603336490127,0.6571948366975656,0.2750382487936919,[]
Mohali,0.5,,0.2222222222222222,[]
Mohalla-Manpur-Ambagarh Chowki,0.823045267489712,6.777777777777778,0.32298136645962733,[]
Mohla-Manpur-Ambagarh Chouki,2.203479736897942,0.3078854846810648,0.19212584106201128,[]
Mokokchung,2.0268857356236,0.7148530579825257,0.27973385084557806,[]
Mon,2.2770642201834863,0.890009260211956,0.4473336271485236,[]
Monghyr,0.8271604938271605,0.6095238095238095,0.018867924528301886,[]
Moradabad,1.3845660228942849,1.0462034927866362,0.32380882123917015,[]
Morbi,0.945403153823267,0.4720068238213399,0.41167014949365055,[]
Morena,0.6975715821362259,0.4723816965043992,0.33860265417642466,[]
Muktsar,6.1165714285714285,0.8609634283873047,0.08807030665669409,[]
Mulugu,2.4811338823980083,1.0730176839703365,0.22792534099066764,[]
Mumbai,4.514388748647674,1.1131119648315098,0.20569549920534744,[]
Mumbai City,1.9014026247508744,1.1495630296610169,0.3477312697854379,[]
Mumbai Suburban,1.6000485038429968,1.114317385396553,0.3389648536412438,[]
Mumbai( Sub Urban ),5.755102040816327,3.5410138248847924,0.050547235023041474,[]
Mungeli,1.2408202631639378,1.5368930583220888,0.317720009539709,[]
Munger,1.9018725808138928,0.7438092908206257,0.1893680406329361,[]
Murshidabad,1.4873590699200714,0.8102904202370569,0.1774712021820969,[]
Muzaffarnagar,2.2429731124771246,0.6873032196819873,0.26562215023319236,[]
Muzaffarpur,2.392675936737077,0.7048859258874952,0.17827276373366535,[]
Mysore,4.329110150544046,0.8958117547074603,0.24153311880714945,[]
Mysuru,1.3779978197674416,0.7855794254222586,0.41597958382410677,[]
N. T. R,1.304257258169509,0.7770609318996416,0.2237394399872483,[]
NADIA,1.6666666666666667,0.6666666666666666,0.0,[]
NAYAGARH,,,0.1111111111111111,[]
NUAPADA,2.5135135135135136,0.8232323232323233,0.12217194570135746,[]
Nabarangapur,1.313086517521283,0.5182714093101483,0.3738928003633886,[]
Nabarangpur,,,,[]
Nadia,3.128183248446708,0.7048004063836092,0.1238106620454289,[]
Nagaon,2.5452296489917847,1.7343660900969398,0.20019949485705918,[]
Nagapattinam,4.2542554066277445,1.186798862379523,0.2854076869422138,[]
Nagarkurnool,2.145940390544707,1.434165173031849,0.34620548558276326,[]
Nagaur,1.0508989542927096,0.772919985957711,0.352697318832777,[]
Nagpur,3.0618310397553516,0.9311610696491441,0.20288828836640221,[]
Naihati Anandabazar,,,0.0,[]
Nainital,1.1102524308744812,1.7609326284397453,0.45721256724596526,[]
Najafgarh,4.318840579710145,0.33827893175074186,0.059375,[]
Nalanda,1.5147958890738933,0.7133992026347721,0.22301058610895946,[]
Nalbari,2.411449016100179,1.8680164263203132,0.36472360862604764,[]
Nalgonda,2.8146569133420094,1.1918968968032773,0.3357192005631174,[]
Namakkal,3.2822966507177034,1.0632959465275844,0.4344790395367979,[]
Namakkal   *,,,,[]
Namchi,0.6996336996336996,0.5,0.02577319587628866,[]
Namsai,1.6125211505922166,0.9947617859815415,0.5829657278588395,[]
Nanded,11.231762174848424,0.9605493446498101,0.13686385698495843,[]
Nandurbar,2.3996141065494694,0.8245367195288362,0.21124962823436105,[]
Nandurbar *,2.3333333333333335,1.3232628398791542,0.0032626427406199023,[]
Nandyal,0.930130537128183,1.1275720164609053,0.3219730225875968,[]
Narayanpet,2.7785234899328857,0.9558062999529854,0.22181601768406733,[]
Narayanpur,0.514812870321758,0.9304169695367739,0.4090909090909091,[]
Narmada,1.1172370088719898,0.43715609164671865,0.27954545454545454,[]
Narmadapuram,2.2974545454545456,0.4715857838715497,0.10143304970891177,[]
Narsimhapur,3.559014267185473,0.8331279945242984,0.19751166407465007,[]
Narsinghpur,1.1481103166496425,0.7512750098077677,0.4753443577587816,[]
Nashik,5.047234511690506,1.0471011620717536,0.19563783216390981,[]
Navsari,1.802440590879897,0.6893375841303577,0.313170997354909,[]
Nawada,1.9520372738900056,0.6311454154399988,0.19491659045756993,[]
Nawanshahr,2.4097763910556425,1.9530956848030019,0.028125,[]
Nayagarh,1.7053029706090932,0.6839326669263057,0.4265379704048674,[]
Near Dhyana Ashram,,,0.0,[]
Near Uday nagar NIT garden,,,0.0,[]
Near University Thana,,,0.0,[]
Near meera hospital,,,0.0,[]
Neemuch,0.8447453454377596,0.49944102238102545,0.3786876452708743,[]
Nellore,2.903228128261417,0.8536418474835689,0.386423988238378,[]
New Delhi,1.335523613963039,0.6134020618556701,0.3007044864664442,[]
Nicobar,0.8987108655616942,0.8814638027048528,0.506265664160401,[]
Nicobars,,0.5,0.0,[]
Nirmal,3.433180833132675,1.8370050395968325,0.2225743715335302,[]
Niuland,1.2302405498281785,0.4507042253521127,0.28286852589641437,[]
Niwari,2.413705583756345,0.4611260053619304,0.23244026068066617,[]
Nizamabad,1.9772932949403537,1.3057797952183219,0.4107060452238117,[]
Noklak,9.461538461538462,0.7114337568058076,0.23185840707964603,[]
North,1.8580645161290323,1.3082706766917294,0.2922077922077922,[]
North 24 Parganas,2.618186443237915,0.7336100598217556,0.1504738176802954,[]
North And Middle Andaman,1.61981981981982,0.6595833333333333,0.5056406124093473,[]
North Cachar Hills,1.9527732015376165,1.2875816993464053,0.3616577221228384,[]
North Delhi,0.445923695061711,0.5771601669243969,0.2606733184008688,[]
North Dinajpur,2.7431898523601577,1.3535694210230467,0.03512820512820513,[]
North East,3.180464301357863,0.4180497925311203,0.04953984726845506,[]
North East   *,,,,[]
North East Delhi,0.497620016633341,0.6165647256735877,0.35178926602092464,[]
North Garo Hills,1.0754414125200642,0.8314350797266514,0.2029325513196481,[]
North Goa,2.973736307245612,1.0455571681986775,0.3646267486485371,[]
North Sikkim,3.645569620253165,1.716599190283401,0.5589887640449438,[]
North Tripura,2.40053050397878,0.7675455207574654,0.34459142508678114,[]
North Twenty Four Parganas,5.952851098126134,1.0969037303180809,0.049794609758541226,[]
North West Delhi,0.5266677395992596,0.5226289259402869,0.2900362837054546,[]
Nuapada,2.2357954545454546,0.7136999447465612,0.41680865760994706,[]
Nuh,,,,[]
Osmanabad,7.337480159581314,0.7683202256719721,0.15240828899467937,[]
Pakaur,1.5314450312049925,0.323666978484565,0.13034518289541475,[]
Pakke Kessang,1.564102564102564,0.4057971014492754,0.20224719101123595,[]
Pakur,0.9699483896256615,0.3117986235972472,0.20154960756691487,[]
Palakkad,5.157111158829003,0.6477009209567349,0.2021217122777127,[]
Palamau,1.817711030554117,0.9364548494983278,0.10789980732177264,[]
Palamu,1.2951288570437998,0.6692720017001581,0.27243405767391005,[]
Palghar,2.9903753805913724,1.0207789475697333,0.3087676320676439,[]
Pali,1.0949426145376504,0.7444111952121104,0.30252893140102494,[]
Palnadu,1.1000729571984436,0.8274504289129517,0.27600300275252315,[]
Palwal,0.7987420107537792,1.0514140153878146,0.3398566703417861,[]
Panch Mahals,2.682730923694779,2.361111111111111,0.042444821731748725,[]
Panchkula,0.9861183411417664,0.7078985507246377,0.31189969245327653,[]
Panchmahals,2.704092720028975,0.7717135373951692,0.2883035434305425,[]
Pandhurna,2.324225865209472,0.7374301675977654,0.11124401913875598,[]
Panipat,0.7398520692458703,0.806141831996623,0.2770374290387761,[]
Panna,1.106975731853303,0.4082880935419686,0.29091251293955267,[]
Papum Pare,1.985425101214575,0.6412779917272857,0.4027659574468085,[]
Parbhani,9.119158656134005,0.8409376857347958,0.16791759821143404,[]
Parvathipuram Manyam,2.4922267400143507,0.7207576145380087,0.2783453775230501,[]
Paschim Bardhaman,2.5071602269656847,0.7018716577540106,0.16515456989247312,[]
Paschim Medinipur,3.0458218484227393,0.8979719067193983,0.16821950301634184,[]
Pashchim Champaran,2.9310344827586206,4.101307189542484,0.035233160621761656,[]
Pashchimi Singhbhum,2.393953934740883,0.5306671449067432,0.09021137393054857,[]
Patan,2.1871237339754943,0.5691901469617482,0.303208371303774,[]
Pathanamthitta,6.576962283384302,0.6865469025747771,0.2201456775924861,[]
Pathankot,1.3571097730430755,0.7582058594762769,0.36140004555462757,[]
Patiala,0.6953600290565695,0.6140616099206871,0.30334699319621183,[]
Patna,2.2943311136948172,0.6516374984934887,0.17860191074034304,[]
Pauri Garhwal,1.9521182081735715,1.9065303753961522,0.47664580253514927,[]
Peddapalli,3.9142091152815013,1.0409273716583867,0.2104903078677309,[]
Perambalur,3.1263502454991814,0.9863867218178963,0.36681930257132794,[]
Peren,2.20023282887078,0.6458874458874458,0.44622093023255816,[]
Phalodi,,,0.06796116504854369,[]
Phek,2.3113069016152714,0.49338078291814946,0.3138888888888889,[]
Pherzawl,6.185185185185185,,0.08875739644970414,[]
Pilibhit,1.1456075348869421,0.7248618784530386,0.3072246983875108,[]
Pithoragarh,2.8290359664969618,1.2584475871747813,0.42767636901825357,[]
Pondicherry,6.0227272727272725,1.066097289268474,0.17432563700216694,[]
Poonch,,,0.25,[]
Porbandar,2.286384288436172,0.39664307537610705,0.2311262376237624,[]
Prakasam,2.39212684527064,0.8058867066691338,0.3628192064958966,[]
Pratapgarh,1.5324645396199892,0.7182700985523989,0.2760471778460268,[]
Prayagraj,2.097543760587239,0.6998197717108336,0.22212825232575495,[]
Puducherry,2.6130876006065553,0.9991626543855977,0.37470477659420637,[]
Pudukkottai,2.763198828804099,1.161807703973309,0.33935706967213114,[]
Pulwama,1.1308465685560252,2.35929097789285,0.608538973756365,[]
Punch,0.7908084295749495,1.355522593249159,0.5898092686002522,[]
Pune,2.803527510749596,0.9681411939947474,0.25785944401200445,[]
Purba Bardhaman,1.3526669409022352,0.694001677852349,0.2066190982237741,[]
Purba Champaran,0.8029197080291971,1.6666666666666665,0.04318181818181818,[]
Purba Medinipur,2.5053360630744437,0.8177098974644986,0.23061640612746379,[]
Purbi Champaran,,,,[]
Purbi Singhbhum,6.743935309973046,0.5350184956843402,0.07661888284725656,[]
Puri,2.4436481644243124,0.9557756035979169,0.4176930896711506,[]
Purnea,3.024171888988362,0.7423194021588708,0.09108910891089109,[]
Purnia,2.7028684827710627,0.5939280444898423,0.18187216103078704,[]
Purulia,5.2116428219042925,1.261784511784512,0.09393894705795605,[]
Puruliya,2.453259417771331,0.8822783819732415,0.16175176056338028,[]
Rae Bareli,1.9791582429700423,0.8439702211323922,0.2995752170087021,[]
Raebareli,2.0,0.6666666666666666,0.16666666666666666,[]
Raichur,1.6227153065062052,0.9780827804786334,0.3399610270913449,[]
Raigad,1.5973843998131714,1.025237273511648,0.14675550651445063,[]
Raigarh,3.9580166103603607,1.1049950560239188,0.22970104484544362,[]
Raigarh(MH),3.3119658119658117,1.3006535947712417,0.0196078431372549,[]
Raipur,0.9012563800549667,1.1594731309946131,0.3423608567063091,[]
Raisen,1.1715682643158751,0.5135321496293742,0.31477791510076425,[]
Rajanna Sircilla,2.6559633027522933,1.425121796229612,0.3168601664440563,[]
Rajauri,4.666666666666667,1.0,0.043478260869565216,[]
Rajgarh,1.187575392038601,0.41976773135333834,0.33038387932004953,[]
Rajkot,1.0513699009857078,0.5363972578026339,0.24430135997111566,[]
Rajnandgaon,0.8500673465460843,1.1234117397325354,0.35759471462800885,[]
Rajouri,2.0663665594855307,1.3835786917589923,0.5494419932520114,[]
Rajsamand,1.1180592279217345,0.7605533403132031,0.279152567309107,[]
Ramanagar,1.1367852318775327,0.7977028782388733,0.2954058949448378,[]
Ramanagara,,,,[]
Ramanathapuram,2.6665041740296145,0.9925795684825367,0.38942142171163496,[]
Ramban,1.9631995911065678,2.2514407684098185,0.7515129939480242,[]
Ramgarh,1.5593475533249685,0.6810425516595867,0.2141714011362727,[]
Rampur,1.1887065191761583,0.8837982250637615,0.27317017430868634,[]
Ranchi,1.377584437167017,0.504335331365823,0.22450913841464196,[]
Ranga Reddy,,,,[]
Rangareddi,4.557111274871039,0.9660399913062376,0.25057913896326606,[]
Rangareddy,2.3487099296325256,0.6956942428640541,0.23045930701047543,[]
Ranipet,4.822595704948646,3.589108910891089,0.3228882833787466,[]
Ratlam,0.5725715026074564,0.9542782709589851,0.5646106386798766,[]
Ratnagiri,9.148054679284963,1.3237179869858517,0.23369350974902206,[]
Rayagada,1.8693521396127182,0.7307474582795553,0.3715814319433517,[]
Reasi,2.0875912408759123,0.7840670859538783,0.42565759113982465,[]
Rewa,1.5408565283131375,0.48078892953714014,0.29583158691742945,[]
Rewari,1.0621740037554768,0.8457312886243993,0.3118157921006222,[]
Ri Bhoi,1.054275092936803,1.4066265060240963,0.3637329931972789,[]
Rohtak,1.1940046951182808,0.7091988659665139,0.30400939439691327,[]
Rohtas,2.7326111859161157,0.8044586147164412,0.19952014395681295,[]
Rudraprayag,1.743847072879331,1.511692084241104,0.48836878423561214,[]
Rupnagar,1.9236706689536878,0.6564809675440391,0.30242137489563037,[]
S.A.S Nagar,,,,[]
S.A.S Nagar(Mohali),5.131810193321617,1.4258254183627317,0.04546963159641553,[]
SAS Nagar (Mohali),1.1937524060936038,0.5626813761325624,0.23722606522118236,[]
Sabar Kantha,2.269406392694064,2.0043290043290045,0.07083333333333333,[]
Sabarkantha,2.0156500251681693,0.5423528584487729,0.20996949595700382,[]
Sagar,0.9499320230282481,0.4971009141028382,0.34340873634945396,[]
Saharanpur,1.4867543476905816,0.952717138875987,0.30170107895290477,[]
Saharsa,1.6657033190336417,0.7557302802492126,0.20202411158416836,[]
Sahebganj,1.6323407546544388,0.636748726134201,0.2616783061744818,[]
Sahibganj,2.114639814097599,1.4546952224052716,0.18016014234875444,[]
Saiha,1.3172043010752688,0.26748079574551903,0.37694483734087697,[]
Saitual,3.2333333333333334,0.3508771929824562,0.1794871794871795,[]
Sakti,6.352738249245364,0.4824182603331277,0.11389297987236131,[]
Salem,2.602314764737696,0.8913479676555047,0.39189470863234377,[]
Salumbar,,,0.09345794392523364,[]
Samastipur,2.1503457048480743,0.6849405105229978,0.1922911601111161,[]
Samba,1.496073745305565,1.337297458005054,0.5704888623112573,[]
Sambalpur,2.1537091581615178,0.881564091973014,0.36368507312153303,[]
Sambhal,2.053606317160534,0.9956086320091595,0.3332154101956345,[]
Samstipur,1.2385964912280703,0.8273809523809524,0.032520325203252036,[]
Sangareddy,1.6320070131008622,1.6473114727017428,0.39286115164440455,[]
Sangli,9.545051698670607,0.9847492220697963,0.20355532114868383,[]
Sangrur,2.29689744326343,0.8197281818958886,0.3714657458840014,[]
Sant Kabir Nagar,1.6287252319321959,1.049460265067951,0.31887273272372957,[]
Sant Ravidas Nagar,2.3401456632090047,0.8270105276272348,0.3094437981991297,[]
Sant Ravidas Nagar Bhadohi,1.1666666666666667,0.5833333333333333,0.11627906976744186,[]
Saran,2.219803972720158,0.8460300120738228,0.1975189338607097,[]
Sarangarh-Bilaigarh,2.185428392745466,1.4137353433835844,0.08438656964126133,[]
Satara,8.519196787148594,0.8506777482299651,0.21272328026688062,[]
Satna,0.9174235061496698,0.6970392579405977,0.3688968505249125,[]
Sawai Madhopur,1.4314917546926058,0.7972378727497595,0.32007706395832836,[]
Sehore,1.1348706411698537,0.5220030349013657,0.3747283632254513,[]
Senapati,7.1515695067264575,1.1446663419386265,0.3020951704545455,[]
Seoni,0.6488963377670007,0.5117750439367311,0.3009335837842384,[]
Sepahijala,3.2393162393162394,0.6026125588488828,0.2739139738925744,[]
Seraikela-Kharsawan,2.1058647046217587,0.6769282109039335,0.2761237406354947,[]
Seraikela-kharsawan,6.183939601921757,0.6821734276144399,0.08273161179782157,[]
Serchhip,0.5012735608762099,0.17754868270332186,0.39388489208633093,[]
Shahdara,0.5878513145965549,0.4053768312943664,0.1271403015589062,[]
Shahdol,0.8446717906107187,0.5859834294933143,0.3126939912455233,[]
Shaheed Bhagat Singh Nagar,3.9568075117370896,0.785769740147052,0.4031364593898728,[]
Shahjahanpur,1.5504038004750593,0.8865470852017937,0.3422196593328602,[]
Shajapur,1.6232304478997448,0.40934126040428065,0.30116884945782285,[]
Shamator,2.5407407407407407,0.35435435435435436,0.13930348258706468,[]
Shamli,1.6504695005672627,1.0663158364179637,0.32792782504425283,[]
Sheikhpura,1.8600975743832888,0.8264867321609621,0.24212186945375666,[]
Sheikpura,0.4083333333333333,0.7479674796747968,0.015789473684210527,[]
Sheohar,1.827355623100304,0.7709525626351266,0.1976122372839199,[]
Sheopur,0.7893904542840713,0.43142338605133523,0.30559000286177623,[]
Shi-yomi,10.205128205128204,3.1862745098039214,0.2729007633587786,[]
Shimla,2.3152412280701755,1.1761272785417334,0.4871097292395388,[]
Shimoga,3.3933599860942114,0.8196807393404747,0.15666628714562222,[]
Shivamogga,1.373679547468139,0.7350969157625259,0.3985776290331015,[]
Shivpuri,1.1685398423314715,0.3754768508945188,0.218743961352657,[]
Shopian,,,,[]
Shravasti,,,,[]
Shrawasti,1.6494341488959359,0.8567676767676768,0.260107697740113,[]
Shupiyan,1.3246911079602997,0.8690993071593534,0.5395033860045146,[]
Siang,1.9642857142857146,1.0691676436107855,0.5529131985731273,[]
Sibsagar,4.126083899695336,1.2885421181910128,0.28939828080229224,[]
Siddharth Nagar,,,,[]
Siddharthnagar,2.7836836862404537,1.0800149292297092,0.28999022907393335,[]
Siddipet,2.614229806890357,2.741553312856516,0.3140590331473139,[]
Sidhi,0.9766405282707388,0.3494509541670301,0.27515652951699465,[]
Sikar,1.4548501620763412,0.6269779992035176,0.2972470653996646,[]
Simdega,1.3991399530883504,0.4761998775937296,0.22612624468131773,[]
Sindhudurg,9.05509314308363,1.4290473490218314,0.23968191224684354,[]
Singrauli,1.0093671221971607,0.37184324791372725,0.3332222777500139,[]
Sirmaur,0.9652592196686264,0.6660733206187752,0.4151914803582763,[]
Sirohi,1.1963000232216117,0.9437683592110786,0.3531163526156279,[]
Sirsa,1.173330265201634,0.88102340352908,0.2768226202599892,[]
Sitamarhi,1.9518834779776169,0.7488709994109561,0.20843322944138096,[]
Sitapur,1.9455661839238485,0.676187679721356,0.34559743405467275,[]
Sivaganga,3.3167971475079456,1.1771302693501553,0.4194447876039038,[]
Sivasagar,,,,[]
Siwan,2.817553491813173,0.8726309540119651,0.186054713995026,[]
Solan,2.437144974067671,1.0575644412059386,0.5022061045633122,[]
Solapur,8.780748228893895,0.8608680778276674,0.17243326812645926,[]
Sonapur,1.7382361228515075,0.8525762583301728,0.5043812780508655,[]
Sonbhadra,1.8852383904266503,0.605436625023542,0.3099654728860605,[]
Sonipat,0.9014731203367133,0.7434858698470314,0.30701859340974896,[]
Sonitpur,2.5175202156334233,1.3489380629378405,0.21455444185088562,[]
South,1.3015452538631347,0.40536277602523657,0.11167002012072434,[]
South  Twenty Four Parganas,,,0.0,[]
South 24 Pargana,0.8,0.0,0.16666666666666666,[]
South 24 Parganas,1.7095091911084808,0.7949632007565154,0.15495437552759578,[]
South 24 pargana,2.5,,0.09090909090909091,[]
South 24 parganas,0.5555555555555556,0.5,0.0,[]
South Andaman,5.3993993993994,0.7890957446808511,0.419138418079096,[]
South Delhi,0.642583056889637,0.46790798591892313,0.25458425797135303,[]
South Dinajpur,4.469639468690702,1.1906906906906907,0.0377906976744186,[]
South DumDum(M),1.0,0.6666666666666666,0.0,[]
South East Delhi,11.436781609195403,0.4000000000000001,0.12454212454212454,[]
South Garo Hills,0.8498220640569395,0.7874186550976139,0.2254335260115607,[]
South Goa,3.1903468115710405,0.7985542389165942,0.3458948043617704,[]
South Salmara Mankachar,1.1462740115105763,1.7220729366602685,0.1691050348098073,[]
South Sikkim,1.6361290322580646,0.429585798816568,0.3029087261785356,[]
South Tripura,2.21010017839989,0.7853271389856755,0.2550026288930814,[]
South Twenty Four Parganas,5.885650014059424,0.9773457010346057,0.05217801912407036,[]
South West Delhi,0.6664414502887221,0.48991907107670657,0.26464183544213715,[]
South West Garo Hills,0.9506984387838948,1.0292758089368257,0.3737449799196787,[]
South West Khasi Hills,0.528,0.9908496732026144,0.4518100611189469,[]
Spsr Nellore,,,,[]
Sri Muktsar Sahib,1.443015873015873,0.7035487593768033,0.37353511508304527,[]
Sri Potti Sriramulu Nellore,2.050481872418541,1.1367997523986382,0.29252846459610593,[]
Sri Sathya Sai,2.0092491838955384,1.0122921185827911,0.25721928801701077,[]
Sribhumi,1.6733727810650887,1.2747747747747746,0.04419889502762431,[]
Srikakulam,1.2152732528521841,0.7673419540229884,0.42095762056219377,[]
Srinagar,2.4353118543748953,1.6759266268008983,0.4023592278890545,[]
Subarnapur,1.578169881001231,0.5823739579198095,0.21061946902654868,[]
Sukma,3.5647238594193404,1.4047672842295527,0.42597087378640774,[]
Sultanpur,2.520984952120383,1.0484048234547452,0.3204353537249015,[]
Sundargarh,4.637781629116118,0.8993372738670966,0.11742022558565507,[]
Sundergarh,1.3668099877716855,0.6454491875052623,0.38179202936289464,[]
Supaul,1.8815328480403728,0.7791655331041477,0.19592453917050692,[]
Surajpur,2.7975138279067115,1.3242461410289048,0.3068440563783143,[]
Surat,0.9414276019495342,0.6929620296743284,0.26990674606359244,[]
Surendra Nagar,1.5573401863154512,0.44919840833194724,0.25838595678118303,[]
Surendranagar,2.6593806921675776,1.5020576131687244,0.0410958904109589,[]
Surguja,1.3683122479581884,1.46992189953726,0.2828674097082648,[]
Suryapet,2.961963589076723,1.1202733131454305,0.2029698671375228,[]
Tamenglong,7.035080121264618,1.4073752711496745,0.34172092204821397,[]
Tamulpur District,1.420470262793914,0.7777777777777777,0.048327137546468404,[]
Tapi,1.7839515753530966,0.644357822410148,0.3861290322580645,[]
Tarn Taran,1.7949889258028793,0.521740489024295,0.2563376483279396,[]
Tawang,2.707920792079208,2.1307627829002516,0.6941694169416942,[]
Tehri Garhwal,1.6933181039406056,1.7765617273776166,0.4120239138277586,[]
Tenkasi,3.1187739463601534,2.697513812154696,0.5110330992978936,[]
Thane,2.093305693981119,1.1543309912620958,0.2207445714990566,[]
Thanjavur,2.367486144663919,1.0074935927564894,0.39181749852723097,[]
The Dangs,1.2962684698221887,0.35934664246823955,0.32899926953981007,[]
The Nilgiris,3.722367928062945,1.109638299372488,0.465080045183656,[]
Theni,2.8418555285009677,0.8741113891328482,0.37234908617250784,[]
Thiruvallur,7.620052770448549,1.954948805460751,0.16585535465924894,[]
Thiruvananthapuram,4.328931338628721,0.6462941887758732,0.22033877318540898,[]
Thiruvarur,3.5080915585362296,1.4544462370693745,0.3900901065560287,[]
Thoothukkudi,2.9977636139997768,1.2254277939209446,0.5054536812348335,[]
Thoubal,7.626127223982452,1.4042824601366743,0.3066820835653006,[]
Thrissur,5.135318735973797,0.6365168233951187,0.19453158282018512,[]
Tikamgarh,1.2749615975422428,0.3769081074681643,0.3187997091806385,[]
Tinsukia,3.068152408339324,1.0727113097613536,0.1953740332870024,[]
Tirap,2.489795918367347,1.8790983606557379,0.5832196452933152,[]
Tiruchirappalli,2.635482856244102,0.9723981726745747,0.3525129257907543,[]
Tirunelveli,2.4723730616357837,1.2089916851565476,0.4599296450271826,[]
Tirupathur,1.1428571428571428,2.9444444444444446,0.44,[]
Tirupati,1.2959730212259473,0.9840723202755058,0.24449833282812974,[]
Tirupattur,3.0551351351351355,1.7127529123237277,0.49915472906842245,[]
Tiruppur,2.0069933330225185,1.0812182215456627,0.3975412847889305,[]
Tiruvallur,1.5960697367305152,1.103131932663448,0.4343426284224944,[]
Tiruvannamalai,2.2315004055150043,0.9556305435702421,0.40064146563666087,[]
Tiruvarur,,,0.0,[]
Tiswadi,0.5,0.5,0.0,[]
Tonk,1.0784452296819789,0.7527381690431908,0.30734176000767516,[]
Tseminyu,4.6875,0.33812949640287765,0.19672131147540983,[]
Tuensang,2.327718223583461,0.765024209626887,0.27587595650422875,[]
Tumakuru,1.637236084452975,0.7670954422740988,0.3830967793816091,[]
Tumkur,2.804969398008587,0.893829036149962,0.22369611947052834,[]
Tuticorin,,1.0,0.125,[]
Udaipur,1.1044121944092724,0.7994082840236687,0.30947111506401637,[]
Udalguri,2.7656908806167935,1.3238640588978956,0.23356231599607458,[]
Udham Singh Nagar,0.7373976231313366,2.4205852735650426,0.5285679699794213,[]
Udham Singh Nagar *,,,0.0,[]
Udhampur,1.5769924652446141,0.8472613458528953,0.374195087049845,[]
Udupi,2.4310456458400775,0.862161603637115,0.33144720814177375,[]
Udupi *,,0.25,0.0,[]
Ujjain,1.0954360195310922,0.8883110379166546,0.44844671325616947,[]
Ukhrul,8.546212647671993,1.113132461625924,0.24067934624556506,[]
Umaria,0.8346569706248206,0.7697354497354497,0.3052867474788632,[]
Una,1.793294981154533,1.0845717637856862,0.48145775955934156,[]
Unakoti,3.0844382414515,0.5201025148165945,0.4465823712662635,[]
Unnao,2.121824891198226,0.7422844565166486,0.26869872851538024,[]
Upper Siang,2.167192429022082,2.1670533642691416,0.5681677976557681,[]
Upper Subansiri,1.2713833157338963,0.7598542563762835,0.5929102344196684,[]
Uttar Bastar Kanker,5.860950173812283,1.3297802197802198,0.2457127424944862,[]
Uttar Dinajpur,1.2917387385192582,0.8763636363636362,0.11104477611940299,[]
Uttara Kannada,1.978051948051948,0.8791780639135367,0.3360906754901616,[]
Uttarkashi,2.4429173132343163,1.5297172533179457,0.5181829465061437,[]
Vadodara,2.042393259108085,0.6347962587481195,0.26237318932014336,[]
Vaishali,1.9882603234819163,0.7066047529756396,0.20408499287884152,[]
Valsad,1.280048851647047,0.5791242690731617,0.32186680094347125,[]
Varanasi,2.4927748514126367,0.8945856739344314,0.2571529153522789,[]
Vellore,2.6730437509800846,1.255091304052678,0.40947934736556,[]
Vidisha,0.9796609145033094,0.6270509045014724,0.36083706375766006,[]
Vijayanagara,1.898116211196604,0.27120573835819195,0.1762793624161074,[]
Vijayapura,1.7279617537313434,0.7631216008743398,0.45699070619360965,[]
Vikarabad,2.2118113522537564,1.3414777399271702,0.22555789585943958,[]
Villupuram,3.3863326980669752,1.27312234293812,0.5996779656311596,[]
Viluppuram,5.68890321194543,1.2516310653757634,0.1491074435836982,[]
Virudhunagar,2.2458422647645797,1.3950233716796818,0.4486936577582768,[]
Visakhapatanam,,,,[]
Visakhapatnam,1.4121209490112656,0.7212395375773072,0.4033463673142997,[]
Vizianagaram,1.7426226397191384,0.8908422393466615,0.4181970337998047,[]
Wanaparthy,2.1674942072161536,0.9960949234004204,0.26651230806726783,[]
Warangal,3.297308505785261,1.0300430091619024,0.358533636188991,[]
Warangal (urban),0.7008547008547008,0.2777777777777778,0.13793103448275862,[]
Warangal Rural,2.7818451978927463,1.2885321100917433,0.19601709140851517,[]
Warangal Urban,1.170448763610461,1.0935303658316813,0.3232783153101878,[]
Wardha,4.617666303162486,1.332560315180583,0.24622933452284704,[]
Washim,11.587389659520806,1.1675159381212439,0.14490199715575341,[]
Washim *,5.589285714285714,1.5954022988505747,0.017758726270667484,[]
Wayanad,3.1732531500572736,0.6459649626651349,0.18826576352226318,[]
West,1.6315789473684208,0.24420788979336253,0.14703968770331816,[]
West Champaran,2.5554427810200453,0.8170219951872335,0.1678926968015393,[]
West Delhi,0.5449165893583502,0.45501760750497755,0.2446325679263056,[]
West Garo Hills,1.5231819251588612,0.29521686953540205,0.22919179734620024,[]
West Godavari,1.6166735593171997,0.8701234439293712,0.4096919153070726,[]
West Jaintia Hills,0.8505922812380589,0.9833373581260565,0.44673862036602535,[]
West Kameng,4.135313531353136,0.9495818399044206,0.48734567901234566,[]
West Karbi Anglong,2.324888226527571,1.8787878787878787,0.2492777548493603,[]
West Khasi Hills,0.8528138528138529,0.6027515047291487,0.30764163372859027,[]
West Medinipur,0.3333333333333333,1.0,0.1111111111111111,[]
West Midnapore,6.227406811477608,1.1234364713627387,0.04955404685835996,[]
West Nimar,5.039316239316239,0.6843472317156527,0.14961025898918784,[]
West Siang,1.1419725785050863,1.3924790069368382,0.5784865540963102,[]
West Sikkim,1.2969004893964111,0.2564278368186493,0.2660393498716852,[]
West Singhbhum,1.903570840875432,0.5330861766012087,0.21279719784885368,[]
West Tripura,2.4642875119544976,0.6556518234938545,0.25029096218549635,[]
Wokha,0.9061784897025171,0.5157072816415471,0.38480635551142006,[]
Y. S. R,1.1387527839643652,1.0535650940049663,0.258411639890876,[]
Yadadri.,1.3216978381305453,1.4254054054054055,0.2691234211646719,[]
Yadgir,1.4605761744095511,0.7528816164173033,0.3741253051261188,[]
Yamuna Nagar,1.0717978507115888,0.8798442064264849,0.28475164072960335,[]
Yamunanagar,6.439393939393939,1.3705234159779613,0.11788617886178862,[]
Yanam,0.7649122807017544,0.3613707165109034,0.09580838323353294,[]
Yavatmal,8.770058762150585,1.2068353785235424,0.11088128701493856,[]
Zunheboto,2.234375,0.5592158123091756,0.23686818632309217,[]
chittoor,1.1282051282051282,0.7666666666666667,0.23880597014925373,[]
east midnapore,,,0.0,[]
hooghly,1.3125,1.3333333333333333,0.07368421052631578,[]
jajpur,3.0354609929078014,0.7149758454106281,0.19337016574585636,[]
nadia,0.75,2.0,0.06666666666666667,[]
punch,,,,[]
rangareddi,0.619047619047619,0.5555555555555556,0.05555555555555555,[]
udhampur,,,,[]
yadgir,6.379241516966068,1.4399357171554843,0.14188790560471976,[]
